City_ID,City,Country,Date,Lat,Lng,Max Temp,Humidity,Cloudiness,Wind Speed,Current Description
0,Mitsamiouli,KM,2022-10-01 17:48:24,-11.3847,43.2844,297.16,75,28,2.28,scattered clouds
1,Talnakh,RU,2022-10-01 17:48:25,69.4865,88.3972,271.6,97,100,2.56,light snow
2,Arraial Do Cabo,BR,2022-10-01 17:48:25,-22.9661,-42.0278,297.13,64,40,9.26,scattered clouds
3,Torbay,CA,2022-10-01 17:48:26,47.6666,-52.7314,291.8,54,20,9.26,few clouds
4,Bestobe,KZ,2022-10-01 17:48:26,52.4994,73.0975,273.98,59,9,1.51,clear sky
5,Margate,GB,2022-10-01 17:45:59,51.3813,1.3862,289.99,71,36,0.89,scattered clouds
6,Hithadhoo,MV,2022-10-01 17:48:27,-0.6,73.0833,300.8,71,97,5.92,overcast clouds
7,Ati,TD,2022-10-01 17:48:27,13.2154,18.3353,308.02,23,28,0.66,scattered clouds
8,Gambo,CF,2022-10-01 17:45:44,4.6482,22.2633,295.46,94,81,1.72,light rain
9,Yanahuanca,PE,2022-10-01 17:48:28,-10.5167,-76.4986,280.72,65,95,4.92,overcast clouds
10,Chuy,UY,2022-10-01 17:48:29,-33.6971,-53.4616,291.04,63,16,4.42,few clouds
11,Ushuaia,AR,2022-10-01 17:45:54,-54.8,-68.3,280.96,57,75,11.32,broken clouds
12,Jambalo,CO,2022-10-01 17:48:29,2.7923,-76.3226,289.89,69,95,1.94,overcast clouds
13,Narsaq,GL,2022-10-01 17:48:30,60.9167,-46.05,277.27,98,100,2.32,light rain
14,Tumsar,IN,2022-10-01 17:48:30,21.3833,79.7333,296.62,79,82,1.75,broken clouds
15,Viedma,AR,2022-10-01 17:48:31,-40.8135,-62.9967,294.31,34,0,5.88,clear sky
16,Pakdasht,IR,2022-10-01 17:48:31,35.4752,51.6807,298.15,26,0,1.14,clear sky
17,Nachingwea,TZ,2022-10-01 17:48:32,-10.3833,38.7667,295.51,68,14,3.49,few clouds
18,Kifri,IQ,2022-10-01 17:48:32,34.6959,44.9661,304.29,14,0,2.16,clear sky
19,Salinopolis,BR,2022-10-01 17:48:33,-0.6136,-47.3561,302.29,68,60,6.43,broken clouds
20,Aden,YE,2022-10-01 17:48:33,12.7794,45.0367,303.82,68,1,4.2,clear sky
21,Cidreira,BR,2022-10-01 17:48:34,-30.1811,-50.2056,292.62,68,65,6.05,broken clouds
22,East London,ZA,2022-10-01 17:48:34,-33.0153,27.9116,289.67,88,0,2.57,clear sky
23,Upernavik,GL,2022-10-01 17:48:35,72.7868,-56.1549,267.91,82,40,2.69,scattered clouds
24,Halifax,CA,2022-10-01 17:43:45,44.6453,-63.5724,293.34,56,100,4.63,overcast clouds
25,Longyearbyen,SJ,2022-10-01 17:48:35,78.2186,15.6401,276.06,93,75,2.06,broken clouds
26,Ewing,US,2022-10-01 17:48:36,40.2698,-74.7999,288.72,92,100,5.14,overcast clouds
27,Busselton,AU,2022-10-01 17:48:36,-33.65,115.3333,285.89,85,50,6.66,scattered clouds
28,Cayenne,GF,2022-10-01 17:48:37,4.9333,-52.3333,306.17,58,75,6.69,broken clouds
29,Middelburg,ZA,2022-10-01 17:48:37,-25.7751,29.4648,298.67,22,1,2.55,clear sky
30,Hermanus,ZA,2022-10-01 17:48:38,-34.4187,19.2345,288.6,73,100,4.42,overcast clouds
31,Yenagoa,NG,2022-10-01 17:48:38,4.9247,6.2642,297.68,90,71,2.11,broken clouds
32,Khartoum,SD,2022-10-01 17:48:39,15.5518,32.5324,306.49,41,41,1.51,scattered clouds
33,Thinadhoo,MV,2022-10-01 17:48:39,0.5333,72.9333,300.79,74,58,5.9,broken clouds
34,Lima,PE,2022-10-01 17:47:26,-12.0432,-77.0282,289.29,77,75,4.12,broken clouds
35,Cape Town,ZA,2022-10-01 17:48:40,-33.9258,18.4232,290.44,70,0,7.72,clear sky
36,Bredasdorp,ZA,2022-10-01 17:48:41,-34.5322,20.0403,286.22,78,100,2.2,overcast clouds
37,Mar Del Plata,AR,2022-10-01 17:45:14,-38.0023,-57.5575,293.16,54,0,5.66,clear sky
38,Severnyy,RU,2022-10-01 17:48:41,50.677,36.5532,290.17,82,0,2.0,clear sky
39,Panorama,GR,2022-10-01 17:48:42,40.5878,23.0315,295.2,80,20,1.34,few clouds
40,Salalah,OM,2022-10-01 17:47:10,17.0151,54.0924,300.2,83,75,2.06,broken clouds
41,Port-Gentil,GA,2022-10-01 17:48:43,-0.7193,8.7815,298.13,88,75,2.57,broken clouds
42,Altagracia De Orituco,VE,2022-10-01 17:48:43,9.8601,-66.3814,301.19,66,59,2.14,broken clouds
43,Reconquista,AR,2022-10-01 17:48:44,-29.15,-59.65,299.72,30,0,2.89,clear sky
44,Saint-Philippe,RE,2022-10-01 17:48:44,-21.3585,55.7679,293.92,75,41,5.05,scattered clouds
45,Lagoa,PT,2022-10-01 17:48:45,39.05,-27.9833,294.92,78,27,9.6,scattered clouds
46,Bambous Virieux,MU,2022-10-01 17:49:45,-20.3428,57.7575,294.94,83,75,3.09,broken clouds
47,Mahebourg,MU,2022-10-01 17:49:45,-20.4081,57.7,294.96,83,75,3.09,broken clouds
48,Sao Joao Da Barra,BR,2022-10-01 17:49:46,-21.6403,-41.0511,297.2,68,99,4.94,overcast clouds
49,Tessalit,ML,2022-10-01 17:47:18,20.1986,1.0114,303.82,35,82,5.86,broken clouds
50,Punta Arenas,CL,2022-10-01 17:47:19,-53.15,-70.9167,282.21,46,40,11.32,scattered clouds
51,Alexandroupoli,GR,2022-10-01 17:49:47,40.8475,25.8744,295.55,88,0,0.0,clear sky
52,Kargasok,RU,2022-10-01 17:49:48,59.0556,80.8572,270.51,84,93,2.16,overcast clouds
53,Saldanha,ZA,2022-10-01 17:49:48,-33.0117,17.9442,290.18,78,93,7.95,overcast clouds
54,Port Alfred,ZA,2022-10-01 17:49:48,-33.5906,26.891,287.69,91,77,1.4,broken clouds
55,Walvis Bay,NA,2022-10-01 17:49:49,-22.9575,14.5053,287.68,82,0,5.14,clear sky
56,Mao,ES,2022-10-01 17:49:49,39.8885,4.2658,294.46,64,20,1.54,few clouds
57,Qaanaaq,GL,2022-10-01 17:46:10,77.484,-69.3632,261.11,73,0,2.94,clear sky
58,Ewo,CG,2022-10-01 17:49:50,-0.8725,14.8206,296.43,92,75,1.79,light rain
59,Outjo,NA,2022-10-01 17:49:51,-20.1167,16.15,301.18,15,41,3.3,scattered clouds
60,Laguna,US,2022-10-01 17:45:59,38.421,-121.4238,302.6,59,0,2.57,clear sky
61,Ornskoldsvik,SE,2022-10-01 17:49:51,63.2909,18.7153,282.68,100,100,3.6,overcast clouds
62,Aripuana,BR,2022-10-01 17:49:52,-9.1667,-60.6333,310.81,28,42,1.67,scattered clouds
63,Codrington,AU,2022-10-01 17:49:52,-38.2667,141.9667,280.83,89,0,2.14,clear sky
64,Sao Jose Da Coroa Grande,BR,2022-10-01 17:49:53,-8.8978,-35.1478,299.57,63,18,5.07,few clouds
65,Jamestown,US,2022-10-01 17:49:53,42.097,-79.2353,289.23,52,0,5.14,clear sky
66,Khash,IR,2022-10-01 17:49:54,28.2211,61.2158,294.67,16,0,4.32,clear sky
67,Trairi,BR,2022-10-01 17:44:59,-3.2778,-39.2689,302.07,56,33,7.23,scattered clouds
68,Najran,SA,2022-10-01 17:49:55,17.4924,44.1277,300.51,16,2,1.5,clear sky
69,Mahibadhoo,MV,2022-10-01 17:49:55,3.7833,72.9667,300.96,77,95,8.27,overcast clouds
70,Artvin,TR,2022-10-01 17:49:55,41.1667,41.8333,289.27,67,0,0.58,clear sky
71,Victoria,HK,2022-10-01 17:49:56,22.2855,114.1577,301.66,88,66,4.92,broken clouds
72,Saint George,US,2022-10-01 17:49:57,37.1041,-113.5841,300.61,27,0,3.09,clear sky
73,Yar-Sale,RU,2022-10-01 17:49:57,66.8333,70.8333,273.52,71,89,6.1,overcast clouds
74,Luderitz,NA,2022-10-01 17:49:57,-26.6481,15.1594,288.95,76,0,5.08,clear sky
75,Royan,FR,2022-10-01 17:49:58,45.6285,-1.0281,291.39,91,100,5.9,overcast clouds
76,Berlevag,NO,2022-10-01 17:49:58,70.8578,29.0864,278.12,87,100,3.09,overcast clouds
77,Nanortalik,GL,2022-10-01 17:49:59,60.1432,-45.2371,277.9,80,93,1.14,overcast clouds
78,Usinsk,RU,2022-10-01 17:49:59,65.9939,57.5281,276.16,94,100,8.33,overcast clouds
79,Mastic Beach,US,2022-10-01 17:49:39,40.7668,-72.8521,289.32,96,100,7.15,mist
80,Buenos Aires,AR,2022-10-01 17:47:00,-34.6132,-58.3772,297.58,44,45,3.0,scattered clouds
81,Olinda,BR,2022-10-01 17:50:00,-8.0089,-34.8553,301.0,61,40,5.66,scattered clouds
82,Ilulissat,GL,2022-10-01 17:50:01,69.2167,-51.1,272.34,69,30,0.52,scattered clouds
83,Caucaia,BR,2022-10-01 17:47:17,-3.7361,-38.6531,303.12,71,0,7.72,clear sky
84,Saint-Augustin,CA,2022-10-01 17:50:01,51.226,-58.6502,284.13,33,26,7.49,scattered clouds
85,Andenes,NO,2022-10-01 17:50:02,69.3143,16.1194,279.22,75,0,3.09,clear sky
86,Ribeira Grande,PT,2022-10-01 17:50:02,38.5167,-28.7,296.37,78,75,8.75,broken clouds
87,Kochubey,RU,2022-10-01 17:50:03,44.3861,46.5825,293.38,56,40,3.92,scattered clouds
88,Bara,NG,2022-10-01 17:50:03,10.3744,10.7288,299.84,68,24,4.14,light rain
89,Bathsheba,BB,2022-10-01 17:50:04,13.2167,-59.5167,304.49,70,40,6.17,scattered clouds
90,Sardhana,IN,2022-10-01 17:50:05,29.15,77.6167,299.14,68,0,0.52,clear sky
91,Sokoni,TZ,2022-10-01 17:50:05,-6.4333,39.55,299.07,75,4,6.14,clear sky
92,Bengkulu,ID,2022-10-01 17:51:07,-3.8004,102.2655,297.18,95,98,2.09,light rain
93,Raudeberg,NO,2022-10-01 17:51:08,61.9875,5.1352,284.74,58,43,6.54,scattered clouds
94,Menzelinsk,RU,2022-10-01 17:51:09,55.7271,53.1026,281.99,67,98,3.43,overcast clouds
95,Lebu,CL,2022-10-01 17:51:11,-37.6167,-73.65,287.12,70,9,5.85,clear sky
96,Coquimbo,CL,2022-10-01 17:48:11,-29.9533,-71.3436,286.0,94,100,2.57,overcast clouds
97,Marawi,PH,2022-10-01 17:51:11,7.9986,124.2928,293.51,95,97,0.55,overcast clouds
98,Maues,BR,2022-10-01 17:51:12,-3.3836,-57.7186,308.27,37,97,0.61,overcast clouds
99,Caibarien,CU,2022-10-01 17:51:12,22.5206,-79.4669,301.2,73,73,4.97,broken clouds
100,Kruisfontein,ZA,2022-10-01 17:51:13,-34.0033,24.7314,288.64,80,59,0.77,broken clouds
101,Brovst,DK,2022-10-01 17:51:13,57.0956,9.528,284.8,93,75,3.09,broken clouds
102,Jacareacanga,BR,2022-10-01 17:51:14,-6.2222,-57.7528,310.61,30,87,1.41,light rain
103,Diffa,NE,2022-10-01 17:51:15,13.3154,12.6113,307.13,30,2,5.96,clear sky
104,Axim,GH,2022-10-01 17:51:15,4.8699,-2.2405,297.75,87,47,4.16,scattered clouds
105,Ushtobe,KZ,2022-10-01 17:51:15,45.2514,77.9838,275.8,32,0,6.94,clear sky
106,Lusambo,CD,2022-10-01 17:51:16,-4.9667,23.45,295.51,86,81,1.41,light rain
107,Tall Kayf,TR,2022-10-01 17:51:16,37.0833,41.0667,301.44,17,0,3.27,clear sky
108,Korla,CN,2022-10-01 17:51:17,41.7597,86.1469,285.48,31,100,5.1,overcast clouds
109,Tallahassee,US,2022-10-01 17:49:36,30.4383,-84.2807,302.26,47,20,6.17,few clouds
110,Darfo,IT,2022-10-01 17:51:18,45.8779,10.1812,290.9,91,39,2.0,scattered clouds
111,Murgab,TM,2022-10-01 17:51:18,37.4966,61.9714,292.08,42,0,2.06,clear sky
112,Kempele,FI,2022-10-01 17:51:18,64.9131,25.5034,276.16,87,0,3.6,clear sky
113,Kismayo,SO,2022-10-01 17:51:19,-0.3582,42.5454,297.81,79,3,6.76,clear sky
114,Qaqortoq,GL,2022-10-01 17:51:19,60.7167,-46.0333,276.59,95,100,2.43,light rain
115,Folkestone,GB,2022-10-01 17:51:20,51.0833,1.1833,290.0,88,48,3.58,scattered clouds
116,Praia Da Vitoria,PT,2022-10-01 17:48:24,38.7333,-27.0667,297.29,73,20,8.03,few clouds
117,Marquette,US,2022-10-01 17:51:22,46.5333,-87.6335,288.17,80,32,4.12,scattered clouds
118,Dikson,RU,2022-10-01 17:51:23,73.5069,80.5464,274.26,99,100,6.35,overcast clouds
119,Trincomalee,LK,2022-10-01 17:51:23,8.5711,81.2335,300.26,78,63,8.13,broken clouds
120,Rock Sound,BS,2022-10-01 17:51:24,24.9,-76.2,300.93,74,16,4.36,moderate rain
121,Clyde River,CA,2022-10-01 17:51:24,70.4692,-68.5914,273.28,74,100,6.69,overcast clouds
122,Los Llanos De Aridane,ES,2022-10-01 17:51:24,28.6585,-17.9182,295.01,73,75,5.66,broken clouds
123,Elat,IL,2022-10-01 17:51:25,29.5581,34.9482,308.06,21,0,5.14,clear sky
124,Mehamn,NO,2022-10-01 17:51:25,71.0357,27.8492,277.89,80,93,2.03,overcast clouds
125,The Valley,AI,2022-10-01 17:50:06,18.217,-63.0578,303.61,84,40,4.12,scattered clouds
126,Akdepe,TM,2022-10-01 17:51:26,42.0551,59.3788,288.2,19,27,6.35,scattered clouds
127,Vardo,NO,2022-10-01 17:51:26,70.3705,31.1107,277.04,74,95,1.77,overcast clouds
128,Acarau,BR,2022-10-01 17:51:27,-2.8856,-40.12,302.73,58,24,9.25,few clouds
129,Tasiilaq,GL,2022-10-01 17:51:27,65.6145,-37.6368,275.88,98,100,2.34,light rain
130,Trelew,AR,2022-10-01 17:51:28,-43.249,-65.3051,293.12,21,9,4.44,clear sky
131,Llanelli,GB,2022-10-01 17:51:28,51.682,-4.1619,289.09,84,75,7.72,broken clouds
132,Pangnirtung,CA,2022-10-01 17:51:29,66.1451,-65.7125,275.15,75,75,2.57,broken clouds
133,Xacmaz,AZ,2022-10-01 17:51:29,41.4635,48.806,292.15,58,13,1.77,few clouds
134,Belmonte,BR,2022-10-01 17:51:30,-15.8631,-38.8828,298.02,73,74,4.42,broken clouds
135,Nuuk,GL,2022-10-01 17:50:27,64.1835,-51.7216,275.37,56,49,1.48,scattered clouds
136,Ponta Do Sol,PT,2022-10-01 17:51:30,32.6667,-17.1,296.5,70,79,1.35,broken clouds
137,Itanhem,BR,2022-10-01 17:51:31,-17.1664,-40.33,303.8,39,50,4.35,scattered clouds
138,Porto Santo,PT,2022-10-01 17:51:31,33.072,-16.3415,295.36,68,40,6.69,scattered clouds
139,Namibe,AO,2022-10-01 17:52:32,-15.1961,12.1522,294.5,83,75,5.66,broken clouds
140,Conchal,BR,2022-10-01 17:52:32,-22.3303,-47.1725,301.24,61,89,2.94,overcast clouds
141,Mirabad,AF,2022-10-01 17:52:33,30.4362,61.8383,299.28,19,0,9.82,clear sky
142,Karema,TZ,2022-10-01 17:52:33,-6.8205,30.4389,300.04,46,85,2.38,overcast clouds
143,Port Elizabeth,ZA,2022-10-01 17:52:33,-33.918,25.5701,289.87,89,20,2.57,few clouds
144,Iralaya,HN,2022-10-01 17:52:34,15.0,-83.2333,301.17,78,100,5.79,overcast clouds
145,Sorland,NO,2022-10-01 17:52:34,67.667,12.6934,284.07,63,24,5.35,few clouds
146,Vila Velha,BR,2022-10-01 17:52:35,-20.3297,-40.2925,298.12,75,75,5.66,broken clouds
147,Hualmay,PE,2022-10-01 17:52:35,-11.0964,-77.6139,293.21,69,39,5.33,scattered clouds
148,Kalmunai,LK,2022-10-01 17:52:36,7.4167,81.8167,300.87,70,94,2.81,overcast clouds
149,Vangaindrano,MG,2022-10-01 17:52:36,-23.35,47.6,293.08,82,10,2.58,clear sky
150,Georgetown,MY,2022-10-01 17:50:07,5.4112,100.3354,299.11,90,40,3.6,scattered clouds
151,Muros,ES,2022-10-01 17:52:37,42.7762,-9.0603,292.64,82,78,0.27,broken clouds
152,Souillac,MU,2022-10-01 17:52:37,-20.5167,57.5167,294.36,83,75,3.09,broken clouds
153,Tucano,BR,2022-10-01 17:52:38,-10.9631,-38.7867,304.47,39,46,5.62,scattered clouds
154,Les Cayes,HT,2022-10-01 17:52:38,18.2,-73.75,302.0,71,96,4.04,overcast clouds
155,Paamiut,GL,2022-10-01 17:52:39,61.994,-49.6678,275.51,96,100,7.69,overcast clouds
156,Iqaluit,CA,2022-10-01 17:52:39,63.7506,-68.5145,274.0,64,40,10.8,scattered clouds
157,General Pico,AR,2022-10-01 17:52:40,-35.6566,-63.7568,301.34,16,100,3.41,overcast clouds
158,Hamilton,US,2022-10-01 17:52:40,39.1834,-84.5333,296.07,40,0,7.2,clear sky
159,Tekkali,IN,2022-10-01 17:52:40,18.6167,84.2333,299.01,82,55,2.2,broken clouds
160,Menongue,AO,2022-10-01 17:52:41,-14.6585,17.691,297.89,14,11,2.55,few clouds
161,Lithakia,GR,2022-10-01 17:52:41,37.7167,20.8333,300.8,89,80,5.14,broken clouds
162,Mangan,IN,2022-10-01 17:52:42,27.5167,88.5333,294.32,80,10,2.53,clear sky
163,Marau,BR,2022-10-01 17:52:01,-28.4492,-52.2,295.12,59,54,3.1,broken clouds
164,Muyezerskiy,RU,2022-10-01 17:52:43,63.9333,31.65,276.0,96,91,1.17,overcast clouds
165,Saint Anthony,US,2022-10-01 17:52:43,45.0205,-93.218,295.25,55,40,2.57,scattered clouds
166,Tabas,IR,2022-10-01 17:52:44,33.5959,56.9244,300.37,17,0,3.2,clear sky
167,Dekar,BW,2022-10-01 17:52:44,-21.5333,21.9333,299.8,17,0,3.71,clear sky
168,Polovinnoye,RU,2022-10-01 17:52:44,54.7914,65.9864,273.19,51,18,3.34,few clouds
169,Mitzic,GA,2022-10-01 17:52:45,0.7821,11.549,294.19,96,94,1.46,moderate rain
170,Riyadh,SA,2022-10-01 17:48:38,24.6877,46.7219,304.23,13,0,3.6,clear sky
171,Tobermory,CA,2022-10-01 17:52:45,45.2501,-81.6665,287.3,71,9,8.43,clear sky
172,East Stroudsburg,US,2022-10-01 17:52:46,40.9995,-75.1813,289.55,82,100,4.43,overcast clouds
173,Banda Aceh,ID,2022-10-01 17:52:47,5.5577,95.3222,299.62,78,99,4.47,overcast clouds
174,San Andres,CO,2022-10-01 17:52:07,12.5847,-81.7006,304.16,70,75,2.57,broken clouds
175,Liverpool,GB,2022-10-01 17:52:47,53.4106,-2.9779,288.61,81,40,5.66,scattered clouds
176,Dharchula,IN,2022-10-01 17:52:48,29.85,80.5333,292.03,90,52,1.91,broken clouds
177,Ostrovnoy,RU,2022-10-01 17:52:48,68.0531,39.5131,275.2,96,100,5.32,overcast clouds
178,Novorudnyy,RU,2022-10-01 17:52:49,51.5026,58.1873,278.3,58,100,3.42,overcast clouds
179,Lekoni,GA,2022-10-01 17:52:49,-1.5843,14.2591,297.6,80,91,2.19,light rain
180,Diamantino,BR,2022-10-01 17:52:50,-14.4086,-56.4461,309.62,30,55,2.03,broken clouds
181,Pangoa,PE,2022-10-01 17:52:50,-12.1167,-73.0,303.74,42,40,1.99,scattered clouds
182,Kutum,SD,2022-10-01 17:52:50,14.2,24.6667,303.97,19,38,2.36,scattered clouds
183,Trofors,NO,2022-10-01 17:52:51,65.5333,13.4063,282.08,97,100,1.67,overcast clouds
184,Say,NE,2022-10-01 17:52:52,13.1007,2.3689,306.46,50,31,3.64,scattered clouds
185,Road Town,VG,2022-10-01 17:53:39,18.4167,-64.6167,303.17,79,40,4.12,scattered clouds
186,Utica,US,2022-10-01 17:53:52,43.1009,-75.2327,291.84,60,94,1.85,overcast clouds
187,Bataipora,BR,2022-10-01 17:53:53,-22.2953,-53.2711,299.25,61,59,2.14,broken clouds
188,Mundargi,IN,2022-10-01 17:53:53,15.2167,75.9,295.81,84,100,3.72,moderate rain
189,Cordoba,AR,2022-10-01 17:53:54,-31.4135,-64.1811,302.83,25,20,8.23,few clouds
190,Ostersund,SE,2022-10-01 17:53:54,63.1792,14.6357,282.4,87,75,4.12,broken clouds
191,Gander,CA,2022-10-01 17:53:55,48.9682,-54.5906,291.22,48,40,7.72,scattered clouds
192,Sao Filipe,CV,2022-10-01 17:53:55,14.8961,-24.4956,299.28,79,17,5.21,few clouds
193,Havelock,US,2022-10-01 17:53:55,34.8791,-76.9013,299.12,72,37,2.24,scattered clouds
194,Itarema,BR,2022-10-01 17:53:56,-2.9248,-39.9167,302.41,57,23,8.72,few clouds
195,Nangomba,TZ,2022-10-01 17:53:56,-10.9,38.5,298.73,48,1,4.3,clear sky
196,Krasnoselkup,RU,2022-10-01 17:53:57,65.7,82.4667,270.94,82,96,4.22,overcast clouds
197,Rio Cuarto,AR,2022-10-01 17:53:57,-33.1307,-64.3499,301.86,19,0,6.17,clear sky
198,Sakakah,SA,2022-10-01 17:53:58,29.9697,40.2064,304.91,16,0,2.53,clear sky
199,Olafsvik,IS,2022-10-01 17:53:59,64.8945,-23.7142,281.72,90,100,5.06,overcast clouds
200,Grindavik,IS,2022-10-01 17:53:59,63.8424,-22.4338,282.12,100,75,11.32,light intensity drizzle
201,Pontal Do Parana,BR,2022-10-01 17:54:00,-25.6533,-48.5128,296.47,75,50,2.61,scattered clouds
202,Bolkhov,RU,2022-10-01 17:54:00,53.4433,36.0044,287.7,89,100,5.5,overcast clouds
203,Sinnar,SD,2022-10-01 17:54:01,13.5691,33.5672,303.34,46,84,2.65,broken clouds
204,Thompson,CA,2022-10-01 17:54:01,55.7435,-97.8558,281.24,53,0,3.6,clear sky
205,Chillicothe,US,2022-10-01 17:53:24,39.3331,-82.9824,291.84,66,40,5.66,scattered clouds
206,Rafaela,AR,2022-10-01 17:54:02,-31.2503,-61.4867,300.93,20,0,2.24,clear sky
207,Castro,BR,2022-10-01 17:54:03,-24.7911,-50.0119,293.81,68,76,2.85,broken clouds
208,Bandundu,CD,2022-10-01 17:54:03,-3.3167,17.3667,299.31,71,71,1.56,light rain
209,Kitob,UZ,2022-10-01 17:54:04,39.0843,66.8332,290.94,25,0,1.88,clear sky
210,Mizan Teferi,ET,2022-10-01 17:54:04,6.9833,35.5833,288.46,95,66,1.35,broken clouds
211,Ancud,CL,2022-10-01 17:54:05,-41.8697,-73.8203,286.28,54,29,1.32,scattered clouds
212,Abha,SA,2022-10-01 17:54:05,18.2164,42.5053,292.05,52,0,3.09,clear sky
213,Santona,ES,2022-10-01 17:54:06,43.4439,-3.4576,293.67,82,12,0.96,few clouds
214,Adrar,MR,2022-10-01 17:54:06,20.5022,-10.0711,304.95,20,0,3.28,clear sky
215,Richmond,US,2022-10-01 17:50:20,37.5538,-77.4603,295.14,83,75,5.66,broken clouds
216,Vestmanna,FO,2022-10-01 17:54:07,62.1564,-7.1664,282.66,93,75,7.72,light rain
217,Padang,ID,2022-10-01 17:54:07,-0.9492,100.3543,296.18,91,100,0.87,light rain
218,Urengoy,RU,2022-10-01 17:54:08,65.9667,78.3667,271.25,68,74,4.23,broken clouds
219,Umm Lajj,SA,2022-10-01 17:54:08,25.0213,37.2685,304.26,53,0,5.31,clear sky
220,San Felipe,VE,2022-10-01 17:54:09,10.3399,-68.7425,306.27,40,71,4.22,broken clouds
221,Sao Miguel Do Araguaia,BR,2022-10-01 17:54:09,-13.275,-50.1628,312.88,15,3,3.26,clear sky
222,Caravelas,BR,2022-10-01 17:54:10,-17.7125,-39.2481,297.28,65,91,3.67,overcast clouds
223,Semnan,IR,2022-10-01 17:54:11,35.5729,53.3971,294.93,50,36,2.66,scattered clouds
224,Tisul,RU,2022-10-01 17:54:11,55.7611,88.3122,270.93,95,86,2.47,overcast clouds
225,Roald,NO,2022-10-01 17:54:12,62.5833,6.1333,286.99,87,40,0.0,scattered clouds
226,Calabozo,VE,2022-10-01 17:54:12,8.9242,-67.4293,305.15,54,26,1.97,scattered clouds
227,San Carlos De Bariloche,AR,2022-10-01 17:54:13,-41.1456,-71.3082,291.62,36,0,1.54,clear sky
228,Kesan,TR,2022-10-01 17:54:14,40.8558,26.6303,295.23,50,17,2.05,few clouds
229,Kattivakkam,IN,2022-10-01 17:55:14,13.2167,80.3167,304.2,68,100,4.89,overcast clouds
230,Maldonado,UY,2022-10-01 17:55:15,-34.6667,-54.9167,291.81,56,24,4.06,few clouds
231,Bonavista,CA,2022-10-01 17:55:15,48.6499,-53.1147,289.51,62,10,5.05,clear sky
232,Anderson,US,2022-10-01 17:52:55,34.5334,-82.6499,296.61,57,0,1.54,clear sky
233,Saint Albans,GB,2022-10-01 17:51:25,51.75,-0.3333,290.55,70,54,6.17,broken clouds
234,Carbondale,US,2022-10-01 17:55:16,37.7273,-89.2168,295.4,37,0,4.12,clear sky
235,Minab,IR,2022-10-01 17:55:17,27.1467,57.0801,303.1,73,0,1.79,clear sky
236,Nicolas Bravo,MX,2022-10-01 17:55:17,18.45,-88.9167,304.81,39,96,1.35,overcast clouds
237,Djibo,BF,2022-10-01 17:55:18,14.1022,-1.6306,305.87,40,82,5.77,broken clouds
238,Bam,IR,2022-10-01 17:55:19,29.106,58.357,300.32,13,0,3.53,clear sky
239,Key West,US,2022-10-01 17:55:20,24.5557,-81.7826,301.48,61,48,4.82,scattered clouds
240,Tortoli,IT,2022-10-01 17:55:20,39.9256,9.6572,292.51,58,26,2.81,scattered clouds
241,Nawalapitiya,LK,2022-10-01 17:55:21,7.0559,80.5348,293.56,97,99,1.48,overcast clouds
242,Ferme-Neuve,CA,2022-10-01 17:55:21,46.7001,-75.4493,285.07,71,100,4.22,overcast clouds
243,Urucara,BR,2022-10-01 17:55:22,-2.5364,-57.76,310.41,29,91,1.74,overcast clouds
244,Japura,ID,2022-10-01 17:55:22,-0.3167,102.35,296.63,98,100,1.41,overcast clouds
245,Kasongo-Lunda,CD,2022-10-01 17:55:23,-6.4667,16.8167,297.82,74,32,0.52,scattered clouds
246,Buraydah,SA,2022-10-01 17:55:23,26.326,43.975,303.4,13,0,5.0,clear sky
247,Quatre Cocos,MU,2022-10-01 17:55:24,-20.2078,57.7625,294.87,66,51,6.45,broken clouds
248,Peniche,PT,2022-10-01 17:55:24,39.3558,-9.3811,294.02,75,96,5.52,overcast clouds
249,Makokou,GA,2022-10-01 17:55:25,0.5738,12.8642,295.13,96,58,1.0,light rain
250,Cairo Montenotte,IT,2022-10-01 17:55:25,44.4031,8.2746,290.05,81,12,1.49,few clouds
251,Guipavas,FR,2022-10-01 17:55:26,48.4352,-4.3972,291.15,90,100,5.66,drizzle
252,Atar,MR,2022-10-01 17:55:26,20.5169,-13.0499,304.6,21,0,3.9,clear sky
253,Saint-Louis,SN,2022-10-01 17:55:27,16.3333,-15.0,309.95,23,38,3.06,scattered clouds
254,Beled,HU,2022-10-01 17:55:27,47.4659,17.0929,286.22,70,100,5.15,light rain
255,Paita,PE,2022-10-01 17:55:28,-5.0892,-81.1144,294.52,69,49,6.59,scattered clouds
256,Clevelandia,BR,2022-10-01 17:55:28,-26.3958,-52.4708,293.08,70,60,2.92,broken clouds
257,Komarikhinskiy,RU,2022-10-01 17:55:29,58.0979,57.1163,277.26,86,90,1.96,overcast clouds
258,Palora,EC,2022-10-01 17:55:29,-1.7,-77.9333,299.21,50,92,0.85,overcast clouds
259,Ourinhos,BR,2022-10-01 17:55:30,-22.9789,-49.8706,298.42,60,55,2.33,broken clouds
260,Havoysund,NO,2022-10-01 17:55:30,70.9963,24.6622,279.28,67,58,4.45,broken clouds
261,Carutapera,BR,2022-10-01 17:55:30,-1.195,-46.02,303.44,59,82,5.22,broken clouds
262,Santa Rosa,PH,2022-10-01 17:55:27,14.3122,121.1114,301.14,88,10,2.89,clear sky
263,Kavaratti,IN,2022-10-01 17:55:31,10.5669,72.642,300.67,76,100,7.32,overcast clouds
264,Duayaw Nkwanta,GH,2022-10-01 17:55:32,7.1724,-2.1028,295.39,97,84,1.24,moderate rain
265,Sept-Iles,CA,2022-10-01 17:55:04,50.2001,-66.3821,284.44,46,20,5.14,few clouds
266,Kurchum,KZ,2022-10-01 17:55:33,48.5722,83.6542,273.67,55,6,3.0,clear sky
267,Carnarvon,AU,2022-10-01 17:55:33,-24.8667,113.6333,292.51,76,0,9.83,clear sky
268,Malindi,KE,2022-10-01 17:55:34,-3.2175,40.1191,297.42,80,43,7.04,scattered clouds
269,Barranca,PE,2022-10-01 17:55:34,-10.75,-77.7667,292.08,71,49,5.42,scattered clouds
270,Necochea,AR,2022-10-01 17:55:35,-38.5473,-58.7368,295.0,42,59,2.58,broken clouds
271,Nkan,GA,2022-10-01 17:55:35,0.3833,9.7833,296.55,94,100,2.41,moderate rain
272,Semey,KZ,2022-10-01 17:55:35,50.4111,80.2275,272.88,66,40,2.57,scattered clouds
273,Zhob,PK,2022-10-01 17:56:36,31.3411,69.4481,296.6,32,0,2.59,clear sky
274,Atbasar,KZ,2022-10-01 17:56:36,51.8,68.3333,273.15,46,1,3.18,clear sky
275,Senahu,GT,2022-10-01 17:56:37,15.4,-89.8333,291.81,75,99,0.86,overcast clouds
276,Kolobrzeg,PL,2022-10-01 17:56:37,54.1757,15.5834,285.35,84,100,9.51,overcast clouds
277,Padre Bernardo,BR,2022-10-01 17:56:38,-15.35,-48.5,308.31,22,46,0.32,scattered clouds
278,Konevo,RU,2022-10-01 17:56:38,62.1215,39.3192,278.88,90,78,1.27,broken clouds
279,Altay,CN,2022-10-01 17:56:39,47.8667,88.1167,270.58,44,1,2.36,clear sky
280,San Ramon,US,2022-10-01 17:56:39,37.7799,-121.978,295.27,70,20,2.06,few clouds
281,Marzuq,YE,2022-10-01 17:56:39,14.4,46.4667,298.17,50,7,2.74,clear sky
282,Saint-Pierre,RE,2022-10-01 17:56:40,-21.3393,55.4781,293.97,72,0,4.12,clear sky
283,Inhambane,MZ,2022-10-01 17:56:40,-23.865,35.3833,297.14,88,20,6.26,few clouds
284,Buncrana,IE,2022-10-01 17:56:41,55.1333,-7.45,284.38,77,8,8.1,clear sky
285,Manyana,BW,2022-10-01 17:56:42,-23.4,21.7167,299.76,18,1,3.05,clear sky
286,Portsmouth,GB,2022-10-01 17:56:42,50.799,-1.0913,291.18,87,34,5.36,scattered clouds
287,Ormond Beach,US,2022-10-01 17:56:42,29.2858,-81.0559,302.08,83,0,2.24,clear sky
288,Segezha,RU,2022-10-01 17:56:43,63.7415,34.3222,279.94,83,77,2.68,broken clouds
289,Vieux-Habitants,GP,2022-10-01 17:56:43,16.0589,-61.7659,302.43,73,84,4.75,broken clouds
290,Kudahuvadhoo,MV,2022-10-01 17:56:44,2.6708,72.8944,301.19,75,100,7.83,overcast clouds
291,Wamba,NG,2022-10-01 17:56:44,8.9333,8.6,297.74,86,83,0.87,broken clouds
292,Amarante Do Maranhao,BR,2022-10-01 17:56:45,-5.5667,-46.7422,311.32,16,42,3.39,scattered clouds
293,Kindu,CD,2022-10-01 17:56:45,-2.95,25.95,297.46,77,50,0.56,scattered clouds
294,Mezhdurechenskiy,RU,2022-10-01 17:56:46,59.6,65.9333,270.89,75,40,3.33,scattered clouds
295,Ondjiva,AO,2022-10-01 17:56:46,-17.0667,15.7333,302.14,14,22,2.53,few clouds
296,Mpulungu,ZM,2022-10-01 17:56:46,-8.7623,31.1141,300.67,40,82,2.77,broken clouds
297,Ladnun,IN,2022-10-01 17:56:47,27.65,74.3833,303.22,34,35,6.46,scattered clouds
298,Rawson,AR,2022-10-01 17:56:47,-43.3002,-65.1023,289.06,39,10,5.64,clear sky
299,Apiai,BR,2022-10-01 17:56:48,-24.5094,-48.8425,293.97,66,83,0.97,broken clouds
300,Biala Podlaska,PL,2022-10-01 17:56:48,52.0324,23.1165,285.13,87,100,2.76,overcast clouds
301,Tazovskiy,RU,2022-10-01 17:56:49,67.4667,78.7,272.27,73,99,5.35,overcast clouds
302,Olimpia,BR,2022-10-01 17:56:49,-20.7372,-48.9147,303.64,43,84,4.58,broken clouds
303,Pokhara,NP,2022-10-01 17:56:49,28.2333,83.9833,293.54,69,45,2.72,scattered clouds
304,Phalaborwa,ZA,2022-10-01 17:56:50,-23.943,31.1411,302.75,23,0,1.6,clear sky
305,Aketi,CD,2022-10-01 17:56:50,2.7388,23.7833,296.04,90,71,1.06,light rain
306,Ercis,TR,2022-10-01 17:56:51,39.0287,43.3586,289.59,42,2,3.41,clear sky
307,Dingle,PH,2022-10-01 17:56:51,10.9995,122.6711,297.65,92,47,2.89,scattered clouds
308,Olecko,PL,2022-10-01 17:56:52,54.0337,22.507,282.73,75,76,3.11,broken clouds
309,Gabu,GW,2022-10-01 17:56:52,12.2833,-14.2167,300.6,86,83,1.67,light rain
310,Faxinal,BR,2022-10-01 17:56:52,-24.0003,-51.3194,293.71,74,91,2.02,overcast clouds
311,Mashhad,IR,2022-10-01 17:56:53,36.297,59.6062,291.23,36,0,3.09,clear sky
312,Camana,PE,2022-10-01 17:56:53,-16.6228,-72.7111,291.98,70,14,4.58,few clouds
313,Nioro,GM,2022-10-01 17:56:54,13.35,-15.75,301.29,81,94,1.68,moderate rain
314,Touros,BR,2022-10-01 17:56:54,-5.1989,-35.4608,301.04,64,21,8.68,few clouds
315,Dumbraveni,RO,2022-10-01 17:56:55,46.2333,24.5667,290.64,62,100,2.15,overcast clouds
316,Suraabad,AZ,2022-10-01 17:56:55,40.8192,49.4687,294.29,60,9,1.44,clear sky
317,Teguldet,RU,2022-10-01 17:56:56,57.3064,88.1667,269.75,95,70,1.62,broken clouds
318,Chapais,CA,2022-10-01 17:56:56,49.7834,-74.8492,278.03,56,100,4.02,overcast clouds
319,Kidal,ML,2022-10-01 17:56:57,18.4411,1.4078,308.92,25,74,3.29,broken clouds
320,Jalu,LY,2022-10-01 17:56:57,29.0331,21.5482,307.43,15,0,4.49,clear sky
321,Angoche,MZ,2022-10-01 17:56:58,-16.2325,39.9086,297.42,77,0,3.7,clear sky
322,Loukisia,GR,2022-10-01 17:57:58,38.4833,23.45,299.08,59,40,4.34,scattered clouds
323,Mansa,IN,2022-10-01 17:57:58,29.9833,75.3833,299.23,47,0,2.53,clear sky
324,Plettenberg Bay,ZA,2022-10-01 17:57:59,-34.0527,23.3716,287.42,82,75,1.51,broken clouds
325,Melo,UY,2022-10-01 17:57:59,-32.3667,-54.1833,291.33,69,83,2.5,broken clouds
326,San Rafael,AR,2022-10-01 17:58:00,-34.6177,-68.3301,299.32,18,99,6.18,overcast clouds
327,Nizwa,OM,2022-10-01 17:58:00,22.9333,57.5333,302.03,43,15,6.41,few clouds
328,Guantanamo,CU,2022-10-01 17:58:01,20.1444,-75.2092,296.91,70,73,3.64,light rain
329,Aljezur,PT,2022-10-01 17:58:01,37.3191,-8.8033,293.45,52,62,1.51,broken clouds
330,Bumba,CD,2022-10-01 17:58:01,2.1833,22.4667,297.79,78,68,0.44,broken clouds
331,Cockburn Town,TC,2022-10-01 17:58:02,21.4612,-71.1419,301.46,73,46,7.71,scattered clouds
332,Kerman,IR,2022-10-01 17:58:02,30.2832,57.0788,295.07,16,0,3.09,clear sky
333,Yuzhno-Sukhokumsk,RU,2022-10-01 17:58:03,44.6581,45.6436,295.49,48,34,5.15,scattered clouds
334,Barentu,ER,2022-10-01 17:58:03,15.1139,37.5928,300.95,38,2,2.0,clear sky
335,Nexo,DK,2022-10-01 17:58:04,55.0607,15.1306,286.2,90,100,9.95,overcast clouds
336,Ilhabela,BR,2022-10-01 17:58:04,-23.7781,-45.3581,293.53,89,83,0.77,broken clouds
337,Matara,LK,2022-10-01 17:58:05,5.9485,80.5353,298.82,88,100,6.19,overcast clouds
338,Gat,IL,2022-10-01 17:58:05,31.61,34.7642,301.15,100,0,2.55,clear sky
339,Novyy Urengoy,RU,2022-10-01 17:58:06,66.0833,76.6333,272.65,60,78,5.04,broken clouds
340,Pidhorodne,UA,2022-10-01 17:58:06,48.5753,35.1068,293.22,51,97,1.0,overcast clouds
341,Iberia,US,2022-10-01 17:58:07,29.9502,-91.7507,300.91,30,0,3.48,clear sky
342,Katete,UG,2022-10-01 17:58:07,-0.7818,29.7544,289.95,95,89,2.06,light rain
343,Khipro,PK,2022-10-01 17:58:08,25.8285,69.3772,302.22,54,81,7.68,broken clouds
344,Marsh Harbour,BS,2022-10-01 17:58:08,26.5412,-77.0636,301.27,71,37,1.48,scattered clouds
345,Urumqi,CN,2022-10-01 17:58:09,43.801,87.6005,274.68,75,0,1.0,clear sky
346,La Rioja,ES,2022-10-01 17:58:09,42.25,-2.5,291.03,59,5,1.0,clear sky
347,Maniitsoq,GL,2022-10-01 17:58:10,65.4167,-52.9,275.34,68,73,1.97,broken clouds
348,Bayonet Point,US,2022-10-01 17:58:10,28.3267,-82.6834,302.11,54,0,2.24,clear sky
349,Veraval,IN,2022-10-01 17:58:07,20.9,70.3667,299.91,79,1,4.08,clear sky
350,Kanker,IN,2022-10-01 17:58:11,20.2719,81.4931,296.72,82,100,0.92,overcast clouds
351,Hambantota,LK,2022-10-01 17:58:11,6.1241,81.1185,299.41,82,100,7.54,overcast clouds
352,Karatau,KZ,2022-10-01 17:58:12,43.1667,70.4667,278.64,25,0,3.31,clear sky
353,Morogoro,TZ,2022-10-01 17:58:12,-6.8167,37.6667,296.25,68,75,0.0,broken clouds
354,Turukhansk,RU,2022-10-01 17:58:13,65.8167,87.9833,271.91,82,100,2.59,overcast clouds
355,Sirhind,IN,2022-10-01 17:58:13,30.6456,76.3825,298.12,69,0,1.98,clear sky
356,Chake Chake,TZ,2022-10-01 17:58:14,-5.2459,39.7666,296.41,74,5,4.72,clear sky
357,Skibbereen,IE,2022-10-01 17:58:14,51.55,-9.2667,288.21,85,62,5.38,light rain
358,Haukipudas,FI,2022-10-01 17:58:15,65.1765,25.3523,276.18,85,74,3.87,broken clouds
359,Sabinopolis,BR,2022-10-01 17:58:15,-18.6661,-43.0839,304.79,34,17,0.8,few clouds
360,Clarksburg,US,2022-10-01 17:58:16,39.2807,-80.3445,285.96,92,100,4.3,overcast clouds
361,Jiwani,PK,2022-10-01 17:58:16,25.05,61.7417,300.23,75,0,4.0,clear sky
362,Ballitoville,ZA,2022-10-01 17:58:17,-29.539,31.2144,294.23,73,100,5.14,overcast clouds
363,Beyneu,KZ,2022-10-01 17:58:17,45.3167,55.2,289.24,42,81,9.27,broken clouds
364,Bahia Honda,CU,2022-10-01 17:58:18,22.9036,-83.1592,300.95,57,11,3.81,few clouds
365,Nola,IT,2022-10-01 17:58:19,40.922,14.5329,293.24,80,36,2.67,scattered clouds
366,Vuktyl,RU,2022-10-01 17:59:20,63.8567,57.3094,277.38,91,100,5.48,overcast clouds
367,Am Timan,TD,2022-10-01 17:59:20,11.0297,20.2827,299.9,71,21,2.4,few clouds
368,Igarka,RU,2022-10-01 17:59:21,67.4667,86.5833,271.3,81,100,3.45,overcast clouds
369,Mutare,ZW,2022-10-01 17:59:21,-18.9707,32.6709,293.56,40,2,2.34,clear sky
370,Horizontina,BR,2022-10-01 17:59:22,-27.6258,-54.3078,296.64,50,10,2.27,clear sky
371,Montgomery,US,2022-10-01 17:59:22,39.1501,-77.1997,288.48,95,100,1.34,overcast clouds
372,Darien,US,2022-10-01 17:59:23,41.752,-87.974,294.71,55,0,6.17,clear sky
373,Shache,CN,2022-10-01 17:59:23,38.4167,77.2406,293.88,23,100,4.44,overcast clouds
374,Keetmanshoop,NA,2022-10-01 17:59:24,-26.5833,18.1333,302.07,9,15,2.55,few clouds
375,Lumeje,AO,2022-10-01 17:59:24,-11.55,20.7833,297.94,36,48,4.23,scattered clouds
376,Douglas,US,2022-10-01 17:59:25,41.3,-96.167,297.32,41,0,6.69,clear sky
377,Luanda,AO,2022-10-01 17:57:39,-8.8368,13.2343,296.83,85,15,5.84,few clouds
378,Planeta Rica,CO,2022-10-01 17:59:25,8.4147,-75.5883,301.42,72,97,1.61,overcast clouds
379,Port Blair,IN,2022-10-01 17:59:26,11.6667,92.75,300.17,89,75,4.63,mist
380,Pithoragarh,IN,2022-10-01 17:59:26,29.5833,80.2167,287.92,93,44,1.9,scattered clouds
381,Skjervoy,NO,2022-10-01 17:59:27,70.0311,20.9714,275.15,65,4,5.46,clear sky
382,Mushie,CD,2022-10-01 17:59:27,-3.0167,16.9,297.57,82,74,1.95,light rain
383,Bridgetown,BB,2022-10-01 17:56:50,13.1,-59.6167,304.42,70,40,6.17,scattered clouds
384,Englewood,US,2022-10-01 17:59:28,39.6478,-104.9878,295.96,50,53,1.34,broken clouds
385,Guhagar,IN,2022-10-01 17:59:28,17.4842,73.1929,298.09,93,100,1.88,overcast clouds
386,Harper,LR,2022-10-01 17:59:29,4.375,-7.7169,298.02,87,77,4.97,light rain
387,Pimampiro,EC,2022-10-01 17:59:29,0.4,-77.9667,289.67,73,100,3.87,overcast clouds
388,Kovdor,RU,2022-10-01 17:59:30,67.5662,30.4758,274.34,97,100,1.92,light snow
389,Morondava,MG,2022-10-01 17:59:30,-20.2833,44.2833,297.85,73,0,7.86,clear sky
390,Simplicio Mendes,BR,2022-10-01 17:59:31,-7.8539,-41.9103,309.76,11,49,4.42,scattered clouds
391,Pryazha,RU,2022-10-01 17:59:31,61.6926,33.6216,276.72,96,13,1.54,few clouds
392,Hanko,FI,2022-10-01 17:59:32,59.8333,22.95,281.56,74,24,8.71,few clouds
393,Rorvik,NO,2022-10-01 17:59:32,64.8621,11.2373,285.3,73,97,5.63,overcast clouds
394,Richards Bay,ZA,2022-10-01 17:55:15,-28.783,32.0377,294.4,82,99,6.44,overcast clouds
395,Misratah,LY,2022-10-01 17:59:33,32.3754,15.0925,299.5,86,20,9.56,few clouds
396,Ous,RU,2022-10-01 17:59:33,60.9058,61.5186,272.73,86,100,2.78,overcast clouds
397,Masumbwe,TZ,2022-10-01 17:59:33,-3.6333,32.1833,296.12,57,73,1.74,broken clouds
398,Milos,GR,2022-10-01 17:59:34,36.75,24.4333,297.56,76,32,5.1,scattered clouds
399,Kemin,KG,2022-10-01 17:59:35,42.7846,75.6892,280.43,48,85,1.72,overcast clouds
400,Meulaboh,ID,2022-10-01 17:59:35,4.1363,96.1285,298.43,85,100,2.8,overcast clouds
401,Satao,PT,2022-10-01 17:59:35,40.7418,-7.7329,291.06,39,7,0.84,clear sky
402,Alappuzha,IN,2022-10-01 17:59:36,9.49,76.3264,299.26,84,100,3.47,overcast clouds
403,Ust-Tsilma,RU,2022-10-01 17:59:36,65.441,52.1498,277.36,98,100,3.17,light rain
404,Cabedelo,BR,2022-10-01 17:59:37,-6.9811,-34.8339,303.52,65,16,7.5,few clouds
405,Cap Malheureux,MU,2022-10-01 17:59:37,-19.9842,57.6142,295.08,67,8,0.89,clear sky
406,Penzance,GB,2022-10-01 17:59:38,50.1186,-5.5371,288.58,92,89,6.9,moderate rain
407,Brae,GB,2022-10-01 17:59:38,60.3964,-1.353,284.27,86,94,8.53,overcast clouds
408,Nyimba,ZM,2022-10-01 17:59:39,-14.5566,30.8149,301.01,23,0,5.53,clear sky
409,Carbonia,IT,2022-10-01 17:59:39,39.1672,8.5222,293.71,62,76,5.72,broken clouds
410,Rio Gallegos,AR,2022-10-01 17:59:35,-51.6226,-69.2181,284.18,24,20,9.26,few clouds
411,Grajau,BR,2022-10-01 18:00:40,-5.8194,-46.1386,311.98,14,35,3.59,scattered clouds
412,Marsa Matruh,EG,2022-10-01 18:00:40,31.3525,27.2453,299.96,77,0,3.27,clear sky
413,Leh,IN,2022-10-01 18:00:41,34.1667,77.5833,282.73,41,10,2.96,clear sky
414,Camacha,PT,2022-10-01 18:00:41,33.0833,-16.3333,293.83,68,40,6.69,scattered clouds
415,Maxixe,MZ,2022-10-01 18:00:42,-23.8597,35.3472,294.46,81,0,3.62,clear sky
416,Chimbote,PE,2022-10-01 18:00:43,-9.0853,-78.5783,291.91,76,78,4.57,broken clouds
417,Stykkisholmur,IS,2022-10-01 18:00:13,65.0757,-22.7297,280.87,92,100,5.23,light rain
418,Tatarskaya Kargala,RU,2022-10-01 18:00:44,51.9495,55.1731,284.16,48,99,4.99,overcast clouds
419,Manicore,BR,2022-10-01 18:00:44,-5.8092,-61.3003,308.64,35,84,0.69,broken clouds
420,Uinskoye,RU,2022-10-01 18:00:45,56.8817,56.5813,277.58,87,99,2.75,overcast clouds
421,Tyulgan,RU,2022-10-01 18:00:45,52.3405,56.166,279.03,58,100,4.5,overcast clouds
422,Sekoma,BW,2022-10-01 18:00:46,-24.4,23.8833,299.57,19,5,1.66,clear sky
423,Tamasane,BW,2022-10-01 18:00:46,-22.4184,27.4013,298.29,20,0,3.41,clear sky
424,Lebyazhye,RU,2022-10-01 18:00:47,55.2689,66.4947,272.39,59,17,3.64,few clouds
425,Dombarovskiy,RU,2022-10-01 18:00:47,50.7587,59.5386,280.76,35,100,4.67,overcast clouds
426,Awjilah,LY,2022-10-01 18:00:48,29.1081,21.2869,307.59,15,0,4.42,clear sky
427,Arinos,BR,2022-10-01 18:00:48,-15.9169,-46.1056,309.42,25,24,1.6,few clouds
428,Maralal,KE,2022-10-01 18:00:49,1.0968,36.698,292.35,53,76,6.06,broken clouds
429,Vestmannaeyjar,IS,2022-10-01 18:00:49,63.4427,-20.2734,281.7,93,100,11.32,overcast clouds
430,Ileza,RU,2022-10-01 18:00:50,61.0533,43.9002,280.82,89,100,0.74,overcast clouds
431,Qasigiannguit,GL,2022-10-01 18:00:50,68.8193,-51.1922,275.29,76,57,0.49,broken clouds
432,Pitea,SE,2022-10-01 18:00:51,65.3172,21.4794,280.2,86,63,3.06,broken clouds
433,Punta Umbria,ES,2022-10-01 18:00:51,37.1821,-6.9661,299.95,23,60,0.43,broken clouds
434,Oranjemund,NA,2022-10-01 18:00:52,-28.55,16.4333,287.58,86,2,3.75,clear sky
435,Timbo,BR,2022-10-01 18:00:52,-26.8233,-49.2717,299.58,58,78,0.98,broken clouds
436,Komsomolets,KZ,2022-10-01 18:00:53,53.7453,62.0708,277.22,38,86,3.6,overcast clouds
437,La Romana,DO,2022-10-01 18:00:54,18.4273,-68.9728,297.04,93,100,2.67,overcast clouds
438,Nokaneng,BW,2022-10-01 18:00:54,-19.6667,22.2667,302.82,12,0,6.1,clear sky
439,Puerto Colombia,CO,2022-10-01 17:58:13,10.9878,-74.9547,297.2,69,94,4.06,overcast clouds
440,Concordia,AR,2022-10-01 18:00:03,-31.393,-58.0209,294.14,49,1,7.15,clear sky
441,Bodden Town,KY,2022-10-01 18:00:56,19.2833,-81.25,303.71,63,86,5.92,overcast clouds
442,Itaituba,BR,2022-10-01 18:00:56,-4.2761,-55.9836,309.0,35,100,1.66,overcast clouds
443,Hofn,IS,2022-10-01 18:00:56,64.2539,-15.2082,281.32,90,100,1.95,light rain
444,Sabha,LY,2022-10-01 18:00:57,27.0377,14.4283,306.96,11,0,4.89,clear sky
445,Prenzlau,DE,2022-10-01 18:00:58,53.3167,13.8667,286.32,93,86,5.62,light rain
446,Oyem,GA,2022-10-01 18:00:58,1.5995,11.5793,293.11,98,92,1.48,moderate rain
447,Corrente,BR,2022-10-01 18:00:59,-3.7367,-43.3394,312.04,21,42,2.04,scattered clouds
448,Marevo,RU,2022-10-01 18:01:00,57.3146,32.0804,281.2,98,100,2.55,moderate rain
449,Zhanaozen,KZ,2022-10-01 18:01:00,43.3,52.8,292.69,20,42,5.02,scattered clouds
450,Bhan,PK,2022-10-01 18:01:01,26.5583,67.7214,305.01,45,3,3.93,clear sky
451,Ambanja,MG,2022-10-01 18:01:01,-13.6833,48.45,295.06,82,9,0.29,clear sky
452,Mancio Lima,BR,2022-10-01 18:01:02,-7.6142,-72.8958,307.87,35,36,1.67,scattered clouds
453,Wilmington,US,2022-10-01 17:57:51,34.2257,-77.9447,299.2,58,1,3.13,clear sky
454,Dois Vizinhos,BR,2022-10-01 18:01:03,-25.7336,-53.0572,295.48,70,76,1.69,broken clouds
455,Mende,FR,2022-10-01 18:01:03,44.6667,3.5,282.46,99,100,2.93,overcast clouds
456,Muli,MV,2022-10-01 18:01:04,2.9167,73.5667,300.94,77,100,8.01,overcast clouds
457,Marrakesh,MA,2022-10-01 18:01:04,31.6315,-8.0083,302.19,28,40,1.54,scattered clouds
458,Eidsvoll,NO,2022-10-01 18:02:05,60.3305,11.2616,283.8,95,75,1.54,broken clouds
459,Bom Jesus,BR,2022-10-01 18:00:54,-9.0744,-44.3586,311.01,16,11,4.94,few clouds
460,Awbari,LY,2022-10-01 18:02:06,26.5921,12.7805,307.05,12,0,4.12,clear sky
461,Ibra,OM,2022-10-01 18:02:06,22.6906,58.5334,299.99,65,38,3.73,scattered clouds
462,Vila Franca Do Campo,PT,2022-10-01 18:02:07,37.7167,-25.4333,296.38,78,50,5.39,scattered clouds
463,Balkhash,KZ,2022-10-01 18:02:07,46.844,74.9804,277.06,50,0,9.65,clear sky
464,Scarborough,GB,2022-10-01 17:57:11,54.2797,-0.4044,286.92,77,4,3.13,clear sky
465,Leo,BF,2022-10-01 18:02:08,11.1,-2.1,298.34,77,93,2.11,overcast clouds
466,Seinajoki,FI,2022-10-01 18:02:08,62.7945,22.8282,281.47,98,100,3.09,heavy intensity shower rain
467,Bandar-E Anzali,IR,2022-10-01 18:02:09,37.4727,49.4622,295.43,64,0,2.73,clear sky
468,Maragogi,BR,2022-10-01 17:58:51,-9.0122,-35.2225,299.34,64,22,5.0,few clouds
469,Cookeville,US,2022-10-01 18:02:02,36.1628,-85.5016,294.8,60,0,4.12,clear sky
470,Ilebo,CD,2022-10-01 18:02:10,-4.3167,20.5833,296.53,87,59,0.73,moderate rain
471,Neuquen,AR,2022-10-01 18:02:10,-38.9516,-68.0591,298.05,21,45,3.35,scattered clouds
472,Kimberley,ZA,2022-10-01 18:02:11,-28.7323,24.7623,296.24,6,22,4.86,few clouds
473,Matagami,CA,2022-10-01 18:02:11,49.7502,-77.6328,280.21,61,75,3.6,broken clouds
474,Harvard,US,2022-10-01 18:02:12,42.4222,-88.6137,294.24,61,0,4.27,clear sky
475,Iquique,CL,2022-10-01 18:02:12,-20.2208,-70.1431,291.47,63,64,4.37,broken clouds
476,Keskin,TR,2022-10-01 18:02:13,39.6731,33.6136,291.93,28,0,0.95,clear sky
477,Mtimbira,TZ,2022-10-01 18:02:13,-8.7833,36.35,296.71,60,28,1.55,scattered clouds
478,Sangmelima,CM,2022-10-01 18:02:14,2.9333,11.9833,293.81,97,73,1.04,light rain
479,Comodoro Rivadavia,AR,2022-10-01 18:02:14,-45.8667,-67.5,286.76,42,93,3.83,overcast clouds
480,Baghdad,IQ,2022-10-01 18:02:15,33.3406,44.4009,305.12,15,0,3.37,clear sky
481,Musoma,TZ,2022-10-01 18:02:15,-1.5,33.8,296.54,68,78,4.52,light rain
482,Jhunjhunun,IN,2022-10-01 18:02:16,28.1307,75.4014,301.56,35,2,3.09,clear sky
483,Ganj Muradabad,IN,2022-10-01 18:02:16,26.9667,80.1833,299.93,60,0,2.51,clear sky
484,Deneysville,ZA,2022-10-01 18:02:17,-26.8908,28.0971,296.17,20,3,2.7,clear sky
485,Zamora,EC,2022-10-01 17:57:20,-4.0692,-78.9567,302.73,81,80,2.49,light rain
486,Odienne,CI,2022-10-01 18:02:17,9.51,-7.5692,298.06,84,89,0.75,light rain
487,Portree,GB,2022-10-01 18:02:18,57.4129,-6.1942,283.44,90,15,8.71,light rain
488,Hearst,CA,2022-10-01 18:02:19,49.6835,-83.6665,281.77,54,22,3.22,few clouds
489,Bluefield,US,2022-10-01 18:00:33,37.2698,-81.2223,284.07,95,100,3.6,mist
490,York,US,2022-10-01 18:02:05,40.1254,-77.0,287.7,94,100,5.2,overcast clouds
491,Azul,AR,2022-10-01 18:02:20,-36.777,-59.8585,298.06,26,72,2.79,broken clouds
492,Loanda,AO,2022-10-01 17:57:39,-8.8368,13.2343,296.83,85,15,5.84,few clouds
493,Waddan,LY,2022-10-01 18:02:21,29.1614,16.139,307.53,15,0,4.49,clear sky
494,Kananga,CD,2022-10-01 18:02:21,-5.8958,22.4178,296.19,79,88,1.6,light rain
495,Lowestoft,GB,2022-10-01 18:02:22,52.4752,1.7516,289.3,69,1,6.72,clear sky
496,Bubaque,GW,2022-10-01 18:02:22,11.2833,-15.8333,300.37,78,96,7.0,light rain
497,Faya,SA,2022-10-01 18:02:23,18.3851,42.4509,292.1,58,14,2.3,few clouds
498,Springdale,US,2022-10-01 18:00:34,36.1867,-94.1288,298.0,39,0,3.09,clear sky
499,Mwanza,TZ,2022-10-01 18:01:03,-2.5167,32.9,297.0,63,90,3.51,overcast clouds
500,Bobrovka,RU,2022-10-01 18:02:24,54.047,61.7455,278.67,43,73,2.72,broken clouds
501,Rundu,NA,2022-10-01 18:02:24,-17.9333,19.7667,299.53,12,0,2.95,clear sky
502,Vigrestad,NO,2022-10-01 18:02:25,58.5667,5.7,285.97,77,80,3.64,broken clouds
503,Yanam,IN,2022-10-01 18:03:26,16.7333,82.2167,296.52,98,100,2.14,moderate rain
504,Tiznit,MA,2022-10-01 18:03:26,29.5833,-9.5,296.78,41,35,2.64,scattered clouds
505,Husavik,IS,2022-10-01 18:03:27,66.0449,-17.3389,281.35,92,100,8.41,overcast clouds
506,Binga,ZW,2022-10-01 18:03:27,-17.6203,27.3414,298.81,37,1,1.44,clear sky
507,Chateaudun,FR,2022-10-01 18:03:28,48.0833,1.3333,291.28,68,39,4.34,scattered clouds
508,Segou,ML,2022-10-01 18:03:28,13.4317,-6.2157,303.84,51,86,1.52,overcast clouds
509,Alencon,FR,2022-10-01 18:03:29,48.4333,0.0833,288.3,73,33,3.65,scattered clouds
510,George,ZA,2022-10-01 18:03:29,-33.963,22.4617,287.11,81,85,2.26,overcast clouds
511,Agadez,NE,2022-10-01 18:03:30,19.75,10.25,308.72,17,51,3.01,broken clouds
512,Sol-Iletsk,RU,2022-10-01 18:03:31,51.1631,54.9918,284.58,41,100,4.79,overcast clouds
513,Mamlyutka,KZ,2022-10-01 18:03:31,54.9375,68.5394,271.94,62,32,3.12,scattered clouds
514,Mangrol,IN,2022-10-01 18:03:31,21.1167,70.1167,300.07,77,19,3.88,few clouds
515,Talara,PE,2022-10-01 18:03:32,-4.5772,-81.2719,293.64,72,70,8.53,broken clouds
516,Zapolyarnyy,RU,2022-10-01 18:03:33,69.4154,30.8136,275.75,99,100,1.94,overcast clouds
517,Gazli,UZ,2022-10-01 18:03:33,40.1333,63.45,290.5,15,0,6.81,clear sky
518,Mananara,MG,2022-10-01 18:03:34,-16.1667,49.7667,291.57,88,4,2.02,clear sky
519,Birin,NP,2022-10-01 18:03:34,26.8865,88.0718,290.13,85,0,2.27,clear sky
520,Elizabeth City,US,2022-10-01 18:03:35,36.2946,-76.2511,298.18,70,0,6.17,clear sky
521,La Asuncion,VE,2022-10-01 18:03:35,11.0333,-63.8628,302.92,69,100,5.07,overcast clouds
522,Abu Samrah,SY,2022-10-01 18:03:36,35.3029,37.1841,300.9,22,0,3.88,clear sky
523,Kulevcha,UA,2022-10-01 18:03:36,46.0303,29.9361,294.36,67,100,4.41,overcast clouds
524,Henties Bay,NA,2022-10-01 18:03:36,-22.116,14.2845,287.06,87,5,1.96,clear sky
525,Volchansk,RU,2022-10-01 18:03:37,59.9378,60.081,271.81,93,98,2.07,overcast clouds
526,Ambilobe,MG,2022-10-01 18:03:37,-13.2,49.05,294.12,76,3,1.6,clear sky
527,Zhezkazgan,KZ,2022-10-01 18:03:38,47.8043,67.7144,276.52,29,0,4.68,clear sky
528,Zavyalovo,RU,2022-10-01 18:03:38,54.5053,82.4484,274.49,70,94,0.4,overcast clouds
529,Tytuvenai,LT,2022-10-01 18:03:39,55.6,23.2,280.1,66,93,2.11,overcast clouds
530,Santa Cruz,BO,2022-10-01 17:59:44,-17.8,-63.1667,303.18,39,20,4.12,few clouds
531,Alekseyevka,RU,2022-10-01 18:03:39,50.6309,38.6903,291.54,71,94,4.69,overcast clouds
532,Ust-Shonosha,RU,2022-10-01 18:03:40,61.1531,41.343,280.2,86,90,0.41,overcast clouds
533,Suhum,GH,2022-10-01 18:03:40,6.0409,-0.45,296.06,96,100,2.23,moderate rain
534,Kosovo Polje,XK,2022-10-01 18:03:41,42.6394,21.0961,291.13,87,75,4.12,light rain
535,Klaksvik,FO,2022-10-01 18:03:41,62.2266,-6.589,283.66,88,71,8.25,broken clouds
536,Goderich,CA,2022-10-01 18:03:42,43.7501,-81.7165,292.54,55,100,6.1,overcast clouds
537,Naifaru,MV,2022-10-01 18:03:42,5.4444,73.3657,301.04,77,100,8.27,overcast clouds
538,Anloga,GH,2022-10-01 18:03:43,5.7947,0.8973,298.79,85,98,5.81,overcast clouds
539,Grand Gaube,MU,2022-10-01 18:03:43,-20.0064,57.6608,295.37,67,10,0.89,clear sky
540,Pokoynoye,RU,2022-10-01 18:03:44,44.8097,44.2517,296.55,44,23,0.99,few clouds
541,Pechora,RU,2022-10-01 18:03:44,65.1472,57.2244,276.84,94,100,5.48,overcast clouds
542,Amapa,BR,2022-10-01 18:03:44,1.0,-52.0,309.75,29,27,2.35,scattered clouds
543,Cassilandia,BR,2022-10-01 18:03:45,-19.1133,-51.7342,305.99,36,29,2.01,scattered clouds
544,Nacala,MZ,2022-10-01 18:03:45,-14.5428,40.6728,296.04,79,0,2.57,clear sky
545,Siuna,NI,2022-10-01 18:03:46,13.7332,-84.7773,305.12,47,93,0.5,overcast clouds
546,Coria,ES,2022-10-01 18:04:46,39.9879,-6.5377,294.61,30,11,1.44,few clouds
547,Obigarm,TJ,2022-10-01 18:04:47,38.7173,69.7088,287.52,55,91,1.8,overcast clouds
548,Stepnyak,KZ,2022-10-01 18:04:47,52.8339,70.7803,271.86,55,6,1.47,clear sky
549,Caranavi,BO,2022-10-01 18:04:48,-15.8167,-67.55,298.66,51,92,1.41,overcast clouds
550,Borba,BR,2022-10-01 18:04:48,-4.3878,-59.5939,310.47,31,74,1.97,light rain
551,Coracora,PE,2022-10-01 18:04:49,-15.0333,-73.7833,291.1,27,36,4.78,scattered clouds
552,Chiredzi,ZW,2022-10-01 18:04:49,-21.05,31.6667,299.36,27,0,3.05,clear sky
553,Artyom,AZ,2022-10-01 18:04:50,40.4723,50.333,293.23,57,46,3.68,scattered clouds
554,Omaruru,NA,2022-10-01 18:04:50,-21.4333,15.9333,298.93,20,17,3.44,few clouds
555,Dunmore Town,BS,2022-10-01 18:04:51,25.5,-76.65,300.84,74,40,3.23,scattered clouds
556,Chelmza,PL,2022-10-01 18:00:55,53.1846,18.6047,284.1,89,100,5.18,light rain
557,Nikolskoye,RU,2022-10-01 18:04:51,59.7035,30.7861,279.09,90,81,1.2,broken clouds
558,Belfast,GB,2022-10-01 18:04:52,54.5833,-5.9333,287.05,68,7,7.2,clear sky
559,Dwarka,IN,2022-10-01 18:04:52,22.2394,68.9678,300.73,70,24,4.94,few clouds
560,Luis Correia,BR,2022-10-01 18:04:53,-2.8792,-41.6669,304.15,74,40,7.72,scattered clouds
561,General Roca,AR,2022-10-01 18:04:53,-39.0333,-67.5833,298.39,21,39,3.2,scattered clouds
562,Havre-Saint-Pierre,CA,2022-10-01 18:04:54,50.2334,-63.5986,283.55,46,3,6.4,clear sky
563,Hammerfest,NO,2022-10-01 18:04:54,70.6634,23.6821,275.4,75,27,3.09,scattered clouds
564,Pisco,PE,2022-10-01 18:04:55,-13.7,-76.2167,293.18,60,0,3.6,clear sky
565,Mahanje,TZ,2022-10-01 18:04:55,-9.9333,35.3333,292.35,67,7,1.97,clear sky
566,Tabou,CI,2022-10-01 18:04:55,4.423,-7.3528,297.77,89,89,4.54,light rain
567,Cameta,BR,2022-10-01 18:01:06,-2.2444,-49.4958,306.53,46,92,2.54,overcast clouds
568,Santo Antonio Do Ica,BR,2022-10-01 18:04:56,-3.1022,-67.9397,305.62,49,89,1.32,overcast clouds
569,Acari,PE,2022-10-01 18:04:57,-15.4311,-74.6158,298.31,45,18,4.81,few clouds
570,Gavle,SE,2022-10-01 18:04:57,60.6745,17.1417,282.25,87,95,0.45,overcast clouds
571,Camacari,BR,2022-10-01 18:01:04,-12.6975,-38.3242,301.02,61,75,3.31,broken clouds
572,Bardiyah,LY,2022-10-01 18:04:58,31.7561,25.0865,300.91,62,0,2.1,clear sky
573,Lively,CA,2022-10-01 18:04:58,46.4334,-81.1498,284.83,78,58,4.96,broken clouds
574,Lapa,BR,2022-10-01 18:04:59,-25.7697,-49.7158,293.8,64,87,1.72,overcast clouds
575,Mana,GF,2022-10-01 18:04:59,5.6592,-53.7767,303.14,64,25,4.96,scattered clouds
576,Zambezi,ZM,2022-10-01 18:04:59,-13.5432,23.1047,298.98,17,72,2.67,broken clouds
577,Malegaon,IN,2022-10-01 18:05:00,20.55,74.5333,297.91,73,0,3.61,clear sky
578,Taybad,IR,2022-10-01 18:05:00,34.74,60.7756,292.42,21,0,9.28,clear sky
579,Yamandu,SL,2022-10-01 18:05:01,7.9362,-11.4928,297.35,96,78,1.8,light rain
580,Bichena,ET,2022-10-01 18:05:01,10.45,38.2,284.57,83,15,2.35,moderate rain
581,Santa Cruz Cabralia,BR,2022-10-01 18:05:02,-16.2781,-39.0247,297.28,78,75,4.12,broken clouds
582,Kanungu,UG,2022-10-01 18:05:03,-0.9575,29.7897,289.03,96,79,1.79,light rain
583,Tingi,TZ,2022-10-01 18:05:03,-11.3,35.0333,293.82,41,0,3.23,clear sky
584,Nantucket,US,2022-10-01 18:03:02,41.2835,-70.0995,289.23,54,100,12.31,light rain
585,Nyrob,RU,2022-10-01 18:05:04,60.733,56.7202,278.92,81,100,3.9,overcast clouds
586,Baijiantan,CN,2022-10-01 18:05:05,45.6333,85.1833,281.1,43,10,3.61,clear sky
587,Quelimane,MZ,2022-10-01 18:05:05,-17.8786,36.8883,297.12,88,0,3.09,clear sky
588,Santa Isabel,BR,2022-10-01 18:05:06,-23.3156,-46.2214,296.76,72,92,2.32,overcast clouds
589,Kuzedeyevo,RU,2022-10-01 18:05:06,53.3308,87.2019,265.29,99,90,1.06,overcast clouds
590,Kondinskoye,RU,2022-10-01 18:05:07,59.6481,67.41,270.53,73,45,3.62,scattered clouds
591,Amol,IR,2022-10-01 18:05:07,36.4696,52.3507,293.31,81,21,1.52,few clouds
592,Maromitsa,RU,2022-10-01 18:05:08,59.8683,48.0123,282.52,97,100,4.02,overcast clouds
593,Norrtalje,SE,2022-10-01 18:05:08,59.758,18.705,285.94,86,78,3.73,broken clouds
594,Jumla,NP,2022-10-01 18:05:09,29.2747,82.1838,286.62,91,75,0.4,broken clouds
595,Lunenburg,CA,2022-10-01 18:06:09,44.3835,-64.3155,292.04,54,100,3.61,overcast clouds
596,Baza,ES,2022-10-01 18:06:10,37.4907,-2.7726,292.36,36,52,2.68,broken clouds
597,Sao Desiderio,BR,2022-10-01 18:06:10,-12.3633,-44.9733,310.18,19,5,3.48,clear sky
598,Tamboril,DO,2022-10-01 18:06:11,19.4854,-70.611,303.39,70,40,2.57,scattered clouds
599,Kemi,FI,2022-10-01 18:06:11,65.8596,24.8228,277.02,93,0,3.09,clear sky
600,Wlodawa,PL,2022-10-01 18:06:12,51.55,23.55,285.9,94,100,1.76,overcast clouds
601,Kumylzhenskaya,RU,2022-10-01 18:06:12,49.8809,42.5898,291.47,69,97,3.26,overcast clouds
602,Boende,CD,2022-10-01 18:06:13,-0.2167,20.8667,298.1,79,75,0.89,broken clouds
603,Ustye,RU,2022-10-01 18:06:13,59.6304,39.736,281.01,96,100,1.96,overcast clouds
604,Presidente Medici,BR,2022-10-01 18:06:14,-11.1753,-61.9014,305.91,40,68,0.58,broken clouds
605,Gavrilovka Vtoraya,RU,2022-10-01 18:06:14,52.877,42.7663,288.1,86,94,5.79,overcast clouds
606,Lahij,YE,2022-10-01 18:06:15,13.1667,44.5833,303.5,48,52,1.77,broken clouds
607,Sinnamary,GF,2022-10-01 18:06:15,5.3833,-52.95,303.03,68,74,5.31,broken clouds
608,Svolvaer,NO,2022-10-01 18:05:36,68.2342,14.5683,276.14,61,7,2.87,clear sky
609,Kostomuksha,RU,2022-10-01 18:06:16,64.571,30.5767,276.54,96,100,1.3,overcast clouds
610,Kozhva,RU,2022-10-01 18:06:17,65.1073,57.0459,277.08,94,100,5.12,overcast clouds
611,Mercedes,AR,2022-10-01 18:06:17,-34.6515,-59.4307,301.4,24,73,1.89,broken clouds
612,Cantaura,VE,2022-10-01 18:06:17,9.3057,-64.3584,303.25,58,96,3.78,overcast clouds
613,Umm Kaddadah,SD,2022-10-01 18:06:18,13.6017,26.6876,308.15,24,48,3.76,scattered clouds
614,Yashkul,RU,2022-10-01 18:06:18,46.1711,45.3435,297.19,43,68,2.3,broken clouds
615,Polis,CY,2022-10-01 18:06:19,35.0367,32.4264,299.05,59,0,0.43,clear sky
616,Aksaray,TR,2022-10-01 18:06:19,38.3726,34.0254,295.15,37,0,1.47,clear sky
617,Birjand,IR,2022-10-01 18:06:20,32.8663,59.2211,292.41,22,0,4.12,clear sky
618,Mount Darwin,ZW,2022-10-01 18:06:20,-16.7725,31.5838,295.09,35,63,2.19,broken clouds
619,Izmalkovo,RU,2022-10-01 18:06:21,52.6887,37.964,287.76,93,99,4.37,overcast clouds
620,Varhaug,NO,2022-10-01 18:06:22,58.6147,5.6457,285.64,77,82,3.42,broken clouds
621,Rio Claro,BR,2022-10-01 18:02:21,-22.4114,-47.5614,298.71,60,88,3.06,overcast clouds
622,Sayyan,YE,2022-10-01 18:06:23,15.1718,44.3244,291.21,27,3,1.03,clear sky
623,Natal,BR,2022-10-01 18:06:24,-5.795,-35.2094,302.51,51,20,6.69,few clouds
624,Nouakchott,MR,2022-10-01 18:06:25,18.0858,-15.9785,303.11,62,30,8.22,scattered clouds
625,Gambela,ET,2022-10-01 18:06:25,8.25,34.5833,296.75,83,99,1.45,overcast clouds
626,Palpa,PE,2022-10-01 18:06:26,-14.5336,-75.1856,303.59,24,1,4.55,clear sky
627,Bilimbay,RU,2022-10-01 18:06:26,56.9689,59.8149,275.43,92,79,1.89,broken clouds
628,Coihaique,CL,2022-10-01 18:04:02,-45.5752,-72.0662,285.79,48,100,1.22,overcast clouds
629,Sidi Ali,DZ,2022-10-01 18:06:27,36.0998,0.4206,293.23,62,15,5.77,few clouds
630,Cumra,TR,2022-10-01 18:06:28,37.5732,32.7745,296.23,30,0,3.4,clear sky
631,Sao Francisco,BR,2022-10-01 18:04:36,-15.9486,-44.8644,309.88,24,35,0.81,light rain
632,Ardakan,IR,2022-10-01 18:06:28,32.31,54.0175,299.33,18,0,1.76,clear sky
633,Tubuala,PA,2022-10-01 18:06:29,9.5167,-79.0333,301.77,74,100,6.52,overcast clouds
634,Bhowali,IN,2022-10-01 18:06:30,29.3833,79.5167,286.92,85,2,1.85,clear sky
635,Zelenoborskiy,RU,2022-10-01 18:06:30,66.845,32.3622,276.42,97,100,2.31,overcast clouds
636,Iskateley,RU,2022-10-01 18:06:31,67.6803,53.1512,276.04,97,100,4.89,overcast clouds
637,Xanlar,AZ,2022-10-01 18:06:31,40.5869,46.3158,292.88,56,40,2.06,scattered clouds
638,Savannah Bight,HN,2022-10-01 18:06:31,16.45,-85.85,301.17,69,100,6.92,overcast clouds
639,Macapa,BR,2022-10-01 18:06:32,0.0389,-51.0664,308.14,52,20,6.17,few clouds
640,Hornepayne,CA,2022-10-01 18:06:33,49.2138,-84.7705,282.84,48,32,4.07,scattered clouds
641,Coracao De Jesus,BR,2022-10-01 18:07:33,-16.6853,-44.365,306.01,28,36,0.57,scattered clouds
642,Betioky,MG,2022-10-01 18:07:34,-23.7167,44.3833,295.26,49,0,2.17,clear sky
643,Monte Patria,CL,2022-10-01 18:02:35,-30.6919,-70.9467,297.55,35,0,3.09,clear sky
644,Nouadhibou,MR,2022-10-01 18:07:34,20.931,-17.0347,295.54,80,0,11.11,clear sky
645,Kamennomostskiy,RU,2022-10-01 18:07:35,44.2983,40.1856,290.07,73,38,2.3,scattered clouds
646,San Cristobal,VE,2022-10-01 18:07:35,7.7669,-72.225,302.25,48,88,4.51,overcast clouds
647,Ajdabiya,LY,2022-10-01 18:07:35,30.7554,20.2263,307.44,19,0,2.59,clear sky
648,Senanga,ZM,2022-10-01 18:07:36,-16.1167,23.2667,299.03,16,4,2.9,clear sky
649,Durban,ZA,2022-10-01 18:07:03,-29.8579,31.0292,293.66,90,96,2.24,overcast clouds
650,Port Shepstone,ZA,2022-10-01 18:07:37,-30.7414,30.455,293.3,83,96,6.23,light rain
651,Arauco,CL,2022-10-01 18:03:22,-37.2463,-73.3175,290.05,57,58,2.01,broken clouds
652,Strezhevoy,RU,2022-10-01 18:07:38,60.7333,77.5889,270.72,80,51,2.22,broken clouds
653,Chimoio,MZ,2022-10-01 18:07:38,-19.1164,33.4833,296.07,73,0,4.29,clear sky
654,Pryluky,UA,2022-10-01 18:07:38,50.5932,32.3876,288.63,74,99,1.37,overcast clouds
655,Geraldton,AU,2022-10-01 18:07:39,-28.7667,114.6,285.38,94,93,2.57,overcast clouds
656,Charleston,US,2022-10-01 18:06:19,32.7766,-79.9309,298.21,69,75,6.69,broken clouds
657,Virginia Beach,US,2022-10-01 18:05:49,36.8529,-75.978,298.18,71,75,4.63,broken clouds
658,Kuzhithurai,IN,2022-10-01 18:07:40,8.3167,77.1833,300.97,83,100,3.9,overcast clouds
659,Aleksandrov Gay,RU,2022-10-01 18:07:40,50.147,48.5704,290.95,55,100,3.13,overcast clouds
660,Warangal,IN,2022-10-01 18:07:41,18.0,79.5833,298.08,83,100,2.33,overcast clouds
661,Synya,RU,2022-10-01 18:07:41,65.3718,58.0387,276.43,93,100,5.45,overcast clouds
662,Wajir,KE,2022-10-01 18:07:42,1.7471,40.0573,301.77,45,17,9.15,few clouds
663,Dzilam Gonzalez,MX,2022-10-01 18:07:42,21.2833,-88.9333,302.96,40,57,3.14,broken clouds
664,Stornoway,GB,2022-10-01 18:07:43,58.2093,-6.3865,284.13,90,75,6.17,broken clouds
665,Alvarado,MX,2022-10-01 18:07:43,18.7667,-95.7667,300.62,62,56,5.0,broken clouds
666,Gararu,BR,2022-10-01 18:07:44,-9.9675,-37.0833,303.53,36,6,6.94,clear sky
667,Mayumba,GA,2022-10-01 18:07:44,-3.432,10.6554,297.21,91,94,3.62,overcast clouds
668,Kokstad,ZA,2022-10-01 18:07:45,-30.5472,29.4241,287.28,90,94,1.48,overcast clouds
669,Xai-Xai,MZ,2022-10-01 18:07:45,-25.0519,33.6442,295.54,76,0,5.87,clear sky
670,Muisne,EC,2022-10-01 18:07:46,0.6,-80.0333,298.39,74,99,4.82,overcast clouds
671,Joao Neiva,BR,2022-10-01 18:07:46,-19.7575,-40.3856,297.92,56,82,3.59,broken clouds
